{
  "i": 0,
  "j": 0,
  "k": 6,
  "l": 3,
  "value_j": 1,
  "Vj": 0.001433944,
  "Vj_1": 0.0033756520000000003,
  "magnitude": 0.004809596,
  "angle": 44.037155745
}
