{
  "i": 0,
  "j": 0,
  "k": 0,
  "l": 1,
  "value_j": 1,
  "Vj": 0.008138774,
  "Vj_1": 0.043381619999999996,
  "magnitude": 0.051520394,
  "angle": 46.840562181
}
