{
  "i": 0,
  "j": 0,
  "k": 1,
  "l": 6,
  "value_j": 3,
  "Vj": 0.005492263,
  "Vj_1": 0.029077748999999996,
  "magnitude": 0.034570012,
  "angle": 86.822527452
}
