{
  "i": 0,
  "j": 0,
  "k": 0,
  "l": 6,
  "value_j": 3,
  "Vj": 0.008207755,
  "Vj_1": 0.026445847999999997,
  "magnitude": 0.034653603,
  "angle": 85.262971555
}
