{
  "i": 0,
  "j": 0,
  "k": 0,
  "l": 5,
  "value_j": 3,
  "Vj": 0.002828621,
  "Vj_1": 0.031577224,
  "magnitude": 0.034405845,
  "angle": 88.355732154
}
