{
  "i": 0,
  "j": 0,
  "k": 2,
  "l": 7,
  "value_j": 1,
  "Vj": 0.005434131,
  "Vj_1": 0.00010021499999999985,
  "magnitude": 0.005534346,
  "angle": 30.362157688
}
