{
  "i": 0,
  "j": 0,
  "k": 2,
  "l": 2,
  "value_j": 2,
  "Vj": 0.000351273,
  "Vj_1": 0.003163179,
  "magnitude": 0.003514452,
  "angle": 68.000982217
}
