{
  "i": 0,
  "j": 0,
  "k": 3,
  "l": 3,
  "value_j": 1,
  "Vj": 0.003197148,
  "Vj_1": 0.0018085739999999999,
  "magnitude": 0.005005722,
  "angle": 37.226025499
}
