{
  "i": 0,
  "j": 0,
  "k": 7,
  "l": 3,
  "value_j": 1,
  "Vj": 0.002490757,
  "Vj_1": 0.001269873,
  "magnitude": 0.00376063,
  "angle": 36.753511724
}
