{
  "i": 0,
  "j": 0,
  "k": 0,
  "l": 4,
  "value_j": 3,
  "Vj": 0.008523954,
  "Vj_1": 0.026572329999999998,
  "magnitude": 0.035096284,
  "angle": 85.142531905
}
