{
  "i": 0,
  "j": 0,
  "k": 7,
  "l": 2,
  "value_j": 1,
  "Vj": 0.000400764,
  "Vj_1": 0.0009344989999999999,
  "magnitude": 0.001335263,
  "angle": 43.997222112
}
