{
  "i": 0,
  "j": 0,
  "k": 2,
  "l": 0,
  "value_j": -1,
  "Vj": 0.011998261,
  "Vj_1": 0.027232648,
  "magnitude": 0.039230909,
  "angle": 3.883261387
}
