{
  "i": 0,
  "j": 0,
  "k": 2,
  "l": 4,
  "value_j": 1,
  "Vj": 0.002449982,
  "Vj_1": 0.0008799940000000003,
  "magnitude": 0.003329976,
  "angle": 35.285288957
}
