{
  "i": 0,
  "j": 0,
  "k": 6,
  "l": 5,
  "value_j": 3,
  "Vj": 0.001621125,
  "Vj_1": 0.0029132099999999994,
  "magnitude": 0.004534335,
  "angle": 82.849558463
}
