{
  "i": 0,
  "j": 0,
  "k": 3,
  "l": 7,
  "value_j": 0,
  "Vj": 0.001121617,
  "Vj_1": 0.004874407,
  "magnitude": 0.005996024,
  "angle": 26.258795903
}
