{
    "i": 0,
    "j": 0,
    "k": 4,
    "l": 3,
    "value_j": 1,
    "Vj": 0.003330969,
    "Vj_1": 0.001894045,
    "magnitude": 0.005225014,
    "angle": 37.249912367
}