{
    "i": 0,
    "j": 0,
    "k": 3,
    "l": 1,
    "value_j": -1,
    "Vj": 0.014955009,
    "Vj_1": 0.025969756000000004,
    "magnitude": 0.040924765,
    "angle": 2.691462622
}