{
    "i": 0,
    "j": 0,
    "k": 0,
    "l": 7,
    "value_j": 3,
    "Vj": 0.014483098,
    "Vj_1": 0.022172836,
    "magnitude": 0.036655934,
    "angle": 82.097815563
}