{
  "i": 0,
  "j": 0,
  "k": 3,
  "l": 6,
  "value_j": 1,
  "Vj": 0.001157573,
  "Vj_1": 0.004086495,
  "magnitude": 0.005244068,
  "angle": 45.585211677
}
