{
    "i": 0,
    "j": 0,
    "k": 1,
    "l": 2,
    "value_j": 3,
    "Vj": 0.004943805,
    "Vj_1": 0.034364296999999995,
    "magnitude": 0.039308102,
    "angle": 87.484587021
}