{
    "i": 0,
    "j": 0,
    "k": 5,
    "l": 3,
    "value_j": 1,
    "Vj": 0.001847456,
    "Vj_1": 0.003035505,
    "magnitude": 0.004882961,
    "angle": 42.433052002
}