{
  "i": 0,
  "j": 0,
  "k": 7,
  "l": 6,
  "value_j": 2,
  "Vj": 0.006254222,
  "Vj_1": 0.0006153740000000001,
  "magnitude": 0.006869596,
  "angle": 51.7915883
}
