{
    "i": 0,
    "j": 0,
    "k": 3,
    "l": 2,
    "value_j": 3,
    "Vj": 0.00044199,
    "Vj_1": 0.0030803099999999997,
    "magnitude": 0.0035223,
    "angle": 87.490334843
}