{
    "i": 0,
    "j": 0,
    "k": 6,
    "l": 4,
    "value_j": 2,
    "Vj": 0.001156271,
    "Vj_1": 0.0030062979999999997,
    "magnitude": 0.004162569,
    "angle": 64.444433363
}