{
    "i": 0,
    "j": 0,
    "k": 4,
    "l": 5,
    "value_j": 3,
    "Vj": 0.001054267,
    "Vj_1": 0.002523905,
    "magnitude": 0.003578172,
    "angle": 84.107231669
}