{
    "i": 0,
    "j": 0,
    "k": 7,
    "l": 1,
    "value_j": -1,
    "Vj": 0.019159543,
    "Vj_1": 0.027678814999999996,
    "magnitude": 0.046838358,
    "angle": 1.818866611
}