{
    "i": 0,
    "j": 0,
    "k": 0,
    "l": 3,
    "value_j": 3,
    "Vj": 0.008335049,
    "Vj_1": 0.027639092,
    "magnitude": 0.035974141,
    "angle": 85.366088861
}