{
  "i": 0,
  "j": 0,
  "k": 5,
  "l": 6,
  "value_j": 2,
  "Vj": 0.006658773,
  "Vj_1": 0.00015189900000000048,
  "magnitude": 0.006810672,
  "angle": 50.446061484
}
