{
  "i": 0,
  "j": 0,
  "k": 0,
  "l": 2,
  "value_j": 3,
  "Vj": 0.00155144,
  "Vj_1": 0.036073510999999996,
  "magnitude": 0.037624951,
  "angle": 89.175313409
}
