{
    "i": 0,
    "j": 0,
    "k": 5,
    "l": 4,
    "value_j": 1,
    "Vj": 0.00035477,
    "Vj_1": 0.005389084,
    "magnitude": 0.005743854,
    "angle": 48.764696445
}