{
  "i": 0,
  "j": 0,
  "k": 7,
  "l": 0,
  "value_j": -1,
  "Vj": 0.015376331,
  "Vj_1": 0.031795068,
  "magnitude": 0.047171399,
  "angle": 3.480655256
}
