{
    "i": 0,
    "j": 0,
    "k": 3,
    "l": 4,
    "value_j": 1,
    "Vj": 0.003577356,
    "Vj_1": 0.001605613,
    "magnitude": 0.005182969,
    "angle": 36.195728591
}