{
  "i": 0,
  "j": 0,
  "k": 1,
  "l": 1,
  "value_j": 1,
  "Vj": 0.010493525,
  "Vj_1": 0.043795968000000005,
  "magnitude": 0.054289493,
  "angle": 46.134233622
}
