{
    "i": 0,
    "j": 0,
    "k": 5,
    "l": 0,
    "value_j": -1,
    "Vj": 0.004150666,
    "Vj_1": 0.039455558,
    "magnitude": 0.043606224,
    "angle": 8.096296393
}