{
    "i": 0,
    "j": 0,
    "k": 0,
    "l": 0,
    "value_j": 1,
    "Vj": 0.013590496,
    "Vj_1": 0.035637093,
    "magnitude": 0.049227589,
    "angle": 44.478504186
}