{
  "i": 0,
  "j": 0,
  "k": 6,
  "l": 6,
  "value_j": 2,
  "Vj": 0.005041125,
  "Vj_1": 0.0017497740000000008,
  "magnitude": 0.006790899,
  "angle": 55.153290868
}
