{
    "i": 0,
    "j": 0,
    "k": 1,
    "l": 3,
    "value_j": 3,
    "Vj": 0.00760024,
    "Vj_1": 0.030316891999999998,
    "magnitude": 0.037917132,
    "angle": 85.991131229
}