{
    "i": 0,
    "j": 0,
    "k": 1,
    "l": 7,
    "value_j": 3,
    "Vj": 0.012125526,
    "Vj_1": 0.025895597,
    "magnitude": 0.038021123,
    "angle": 83.621689667
}