{
  "i": 0,
  "j": 0,
  "k": 4,
  "l": 6,
  "value_j": 2,
  "Vj": 0.004069803,
  "Vj_1": 0.0015528239999999995,
  "magnitude": 0.005622627,
  "angle": 55.523482888
}
