{
    "i": 0,
    "j": 0,
    "k": 6,
    "l": 1,
    "value_j": -1,
    "Vj": 0.012063282,
    "Vj_1": 0.034508396,
    "magnitude": 0.046571678,
    "angle": 4.819477312
}