{
    "i": 0,
    "j": 0,
    "k": 2,
    "l": 1,
    "value_j": -1,
    "Vj": 0.013387282,
    "Vj_1": 0.025943986000000002,
    "magnitude": 0.039331268,
    "angle": 3.192549958
}