{
    "i": 0,
    "j": 0,
    "k": 5,
    "l": 5,
    "value_j": 3,
    "Vj": 0.000675571,
    "Vj_1": 0.004425718,
    "magnitude": 0.005101289,
    "angle": 87.351371409
}