{
    "i": 0,
    "j": 0,
    "k": 7,
    "l": 5,
    "value_j": 2,
    "Vj": 0.001263545,
    "Vj_1": 0.003550804,
    "magnitude": 0.004814349,
    "angle": 64.750921206
}