{
    "i": 0,
    "j": 0,
    "k": 1,
    "l": 4,
    "value_j": 3,
    "Vj": 0.004197733,
    "Vj_1": 0.031401661,
    "magnitude": 0.035599394,
    "angle": 87.641682694
}