{
    "i": 0,
    "j": 0,
    "k": 7,
    "l": 7,
    "value_j": 2,
    "Vj": 0.005317178,
    "Vj_1": 0.00035454800000000054,
    "magnitude": 0.005671726,
    "angle": 51.250231029
}