{
    "i": 0,
    "j": 0,
    "k": 6,
    "l": 2,
    "value_j": 2,
    "Vj": 0.001140402,
    "Vj_1": 0.002394127,
    "magnitude": 0.003534529,
    "angle": 63.547077983
}