{
    "i": 0,
    "j": 0,
    "k": 2,
    "l": 6,
    "value_j": 0,
    "Vj": 0.00108303,
    "Vj_1": 0.001818087,
    "magnitude": 0.002901117,
    "angle": 22.533703883
}