{
  "i": 0,
  "j": 0,
  "k": 3,
  "l": 0,
  "value_j": -1,
  "Vj": 0.019805088,
  "Vj_1": 0.019967056000000004,
  "magnitude": 0.039772144,
  "angle": 0.040723771
}
