{
  "i": 0,
  "j": 0,
  "k": 2,
  "l": 5,
  "value_j": 1,
  "Vj": 0.000388409,
  "Vj_1": 0.001093643,
  "magnitude": 0.001482052,
  "angle": 44.758491411
}
