{
  "i": 0,
  "j": 0,
  "k": 4,
  "l": 1,
  "value_j": -1,
  "Vj": 0.01171305,
  "Vj_1": 0.031210923999999998,
  "magnitude": 0.042923974,
  "angle": 4.542420526
}
