{
    "i": 0,
    "j": 0,
    "k": 6,
    "l": 7,
    "value_j": 2,
    "Vj": 0.003879458,
    "Vj_1": 0.00147269,
    "magnitude": 0.005352148,
    "angle": 55.503173121
}