{
  "i": 0,
  "j": 0,
  "k": 4,
  "l": 2,
  "value_j": 3,
  "Vj": 0.00060202,
  "Vj_1": 0.002176596,
  "magnitude": 0.002778616,
  "angle": 85.666760133
}
