{
    "i": 0,
    "j": 0,
    "k": 7,
    "l": 4,
    "value_j": 2,
    "Vj": 0.003461752,
    "Vj_1": 0.001106156,
    "magnitude": 0.004567908,
    "angle": 54.843162739
}