{
  "i": 0,
  "j": 0,
  "k": 1,
  "l": 5,
  "value_j": 3,
  "Vj": 0.001246214,
  "Vj_1": 0.033862627,
  "magnitude": 0.035108841,
  "angle": 89.290085301
}
