{
  "i": 0,
  "j": 0,
  "k": 5,
  "l": 7,
  "value_j": 2,
  "Vj": 0.005549452,
  "Vj_1": 0.0015737700000000004,
  "magnitude": 0.007123222,
  "angle": 54.418703436
}
