{
  "i": 0,
  "j": 0,
  "k": 4,
  "l": 0,
  "value_j": -1,
  "Vj": 0.011886207,
  "Vj_1": 0.029288332000000004,
  "magnitude": 0.041174539,
  "angle": 4.226428847
}
