{
    "i": 0,
    "j": 0,
    "k": 3,
    "l": 5,
    "value_j": 2,
    "Vj": 0.001256594,
    "Vj_1": 0.0012284339999999998,
    "magnitude": 0.002485028,
    "angle": 59.886682395
}