{
    "i": 0,
    "j": 0,
    "k": 2,
    "l": 3,
    "value_j": 1,
    "Vj": 0.001196925,
    "Vj_1": 0.0040799140000000005,
    "magnitude": 0.005276839,
    "angle": 45.463475854
}