{
    "i": 0,
    "j": 0,
    "k": 6,
    "l": 0,
    "value_j": -1,
    "Vj": 0.005671546,
    "Vj_1": 0.040449091,
    "magnitude": 0.046120637,
    "angle": 7.540560275
}