{
  "i": 0,
  "j": 0,
  "k": 4,
  "l": 7,
  "value_j": 1,
  "Vj": 0.003188716,
  "Vj_1": 0.0033522549999999997,
  "magnitude": 0.006540971,
  "angle": 40.250023195
}
