{
    "i": 0,
    "j": 0,
    "k": 5,
    "l": 2,
    "value_j": 3,
    "Vj": 0.00112238,
    "Vj_1": 0.002516559,
    "magnitude": 0.003638939,
    "angle": 83.831280671
}