{
  "i": 0,
  "j": 0,
  "k": 5,
  "l": 1,
  "value_j": -1,
  "Vj": 0.008576235,
  "Vj_1": 0.035322016,
  "magnitude": 0.043898251,
  "angle": 6.092675539
}
