{
    "i": 0,
    "j": 0,
    "k": 4,
    "l": 4,
    "value_j": 1,
    "Vj": 0.002096363,
    "Vj_1": 0.0026865110000000004,
    "magnitude": 0.004782874,
    "angle": 41.233879171
}