{
    "i": 0,
    "j": 0,
    "k": 1,
    "l": 0,
    "value_j": 1,
    "Vj": 0.013376542,
    "Vj_1": 0.039737843,
    "magnitude": 0.053114385,
    "angle": 44.963119062
}